Abbasanta
Abruzzo
Accademia di Belle Arti di Napoli
Accra
Acerenza
Acerra
Acquasparta
Acque Traverse
Adige
Adria
Adriatico
Afghanistan
Africa
Africo
Agrigento
Agro Pontino
Alaska
Alba
Albalonga
Albania
Alberobello
Alcarràs
Alessandria d'Egitto
Algeria
Alghero
Alliano
Almeria
Alpi
Alpi Fred
Alpi dell'Ötztal
Alsazia
Alta Corte di Giustizia de L'Aja
Alta Valtellina
Altamura
Alto Adige
Alto Vicentino
Alvernia
Amalfi
Amazzonia
Amburgo
America
America Latina
America meridionale
Americhe
Amsterdam
Ancona
Andalusia
Annapurna
Antigua
Anversa
Appennini
Appennino
Appennino Emiliano
Appennino Toscano
Appennino Tosco-Emiliano
Arabia
Arad
Aragona
Aranceto
Arborea
Area 51
Argenta
Argentario
Argentina
Arizona
Armenia
Arno
Art District
Ascoli Piceno
Asia
Asia Minore
Asiago
Asinara
Asolo
Aspromonte
Assisi
Atene
Atessa
Atlantico
Auschwitz
Austin
Australia
Austria
Austria-Ungheria
Avana
Avellino
Avellino Rocchetta S.Antonio
Aversa
Aviano
Avila
Baghdad
Bagnoli
Baixa
Balcani
Ballarò
Balmoral
Baltico
Banari
Bangkok
Bangladesh
Bangland
Barcellona
Barcola
Bari
Barona
Basentana
Basilea
Basilicata
Baviera
Beirut
Belfast
Belgio
Belgrado
Bellagio
Bellano
Belleville
Bellinzona
Belvedere
Beneventano
Bengala
Bergamo
Berlino
Berna
Betlemme
Bhutan
Birmania
Bisanzio
Bobbio
Boca
Bochum
Bolivia
Bollate
Bologna
Bolzano
Bordeaux
Borgo Teresiano
Borgovecchio
Borneo
Bosa
Bosforo
Bosnia
Bosnia Herzegovina
Bosnia-Erzegovina
Boston Chicago
Brancaccio
Brasile
Brembate di Sopra
Brescia
Bretagna
Brianza
Brindisi
Brisbane
Bronx
Brooklyn
Bruxelles
Bucarest
Buckingham Palace
Budapest
Buenos Aires
Bulgaria
Buonconvento
Burkina Faso
Bussi
Cacchiano Umbro
Cadegliano Viconago
Cagliari
Cairano
Cairo
Calabresi
Calabria
Calais
Calcutta
California
Calitri
Calvi
Cambogia
Camerun
Campania
Campania Felix
Campi Bisenzio
Campidano
Campolaro della Carair
Camporeale
Canada
Canale di Suez
Cannes
Canton
Capaci
Cape Town
Cappella Sistina
Capri
Caracas
Caraibi
Carditello
Carnia
Carpazi
Carpinone-Sulmona
Carrara
Carso
Casa Bianca
Casa Sollievo
Casa Verdi
Casablanca
Casabona
Casal del Marmo
Casal di Principe
Casalborgone
Casavatore
Caserta
Castel Nuovo
Castel San Giorgio
Castel Sant'Angelo
Castel Volturno
Castel d'Ario
Castel dell'Ovo
Castelrotto
Castelvecchio
Castelvolturno
Castiglione della Pescaia
Catalogna
Catania
Catanzaro
Caulonia
Cecenia
Cecoslovacchia
Cefalonia
Centocelle
Centro Direzionale
Centro Sperimentale di Cinematografia
Ceraso
Certosa
Certosa di Padula
Cesenatico
Cetara
Chernobyl
Chiasso
Chicago
Chioggia
Chitwan
Chiusi
Cile
Cimitero Allegro
Cimitero Inglese
Cimitero Monumentale
Cina
Cinecittà
Cinisi
Ciociaria
Cipro
Circeo
Circo Massimo
Circo Olimpico
Cisterna di Latina
Città del Messico
Città della Scienza
Civita
Civita di Bagnoregio
Civitella San Paolo
Ciénaga
Cogne
Colico
Colle della Nasca
Colombia
Colosseo
Columbia
Como
Comunità Montana di Bormio - Alta Valtellina
Conegliano
Conero
Congo
Connecticut
Contrada Tuono
Conversano
Copenhagen
Copertino
Corleone
Corsica
Cortina
Cosenza
Costa Azzurra
Costa Rica
Costa d'Avorio
Costantinopoli
Costarica
Costiera Amalfitana
Cozzo Dxuhait
Cremlino
Cremona
Crespi d'Adda
Croazia
Crocetta
Crotone
Cuba
Cuccaro Vetere
Cupola di San Pietro
Custonaci
Dachau
Dakar
Dalmazia
Dalmine
Damasco
Danimarca
Danubio
Death Valley
Delta del Po
Disneyland
Dolomiti
Douala
Dover
Dubai
Dublino
Duomo di Milano
Durazzo
East End
Egitto
El Alamein
Elba
Emilia Romagna
Emmaus
Eolie
Equatore
Eraklyon
Eritrea
Esquilino
Etiopia
Etna
Eur
Eur di
Europa
Everest
FacoltÃ  di Bologna
Fallujah
Fermo
Ferrara
Fiandre
Fiesole
Filippine
Finlandia
Firenze
Fiume Azzurro
Fiumicino
Florida
Floridia
Flòr da Baixa
Foggia
Foligno
Fontanarosa
Forcella
Foresta Amazzonica
Foresta Nera
Foresta Umbra
Forlì
Formentera
Formia
Forte dei Marmi
Fortezza
Fossa del Tirreno
Francia
Francoforte
Fregene
Friburgo
Friuli
Friuli Venezia Giulia
Frosinone
Gaeta
Galilea
Gallia
Gange
Gardalavaca
Gargano
Gaza
Gela
Genova
Georgia post-sovietica
Germania
Germania del Nord
Gerusalemme
Ghana
Ghetto
Ghilarza
Giappone
Giardino di Villa Bardini
Gioia Tauro
Giordania
Giovinazzo
Giudea
Giudecca
Giura
Goa
Goleto
Golfo
Golfo Persico
Golfo di Napoli
Gorizia
Gradisca
Grado
Gran Bazar di Istanbul
Gran Bretagna
Gran Sasso
Granada
Grande Mela
Gravina
Grecia
Groenlandia Orientale
Grosseto
Grândola
Grândola
Guidonia
Guyana
Havre
Helsinki
Hereford
Himalaya
Himalayana
Hiroshima
Hollywood
Hong Kong
Hotel Copacabana
Hotel Du Nord
Hotel Meina
Ibiza
Il Cairo
Illirico
Imola
Imperia
Inghilterra
Ios
Iowa
Iquitos
Iran
Iraq
Irlanda
Irpinia
Ischia
Islanda
Isola
Isola d'Elba
Isola delle Rose
Isolarotonda
Isole Eolie
Isonzo
Israel
Israele
Istanbul
Istmo
Itaca
Italia
Italia Nord
Italia del Sud
Italie
Italy
Ivrea
Jalisco
Jugoslavia
Kansas
Kathmandu
Kenya
Khouribga
Klagenfurt
Kosovo
Kuala Lumpur
Kurdistan
Kyoto
L' Aquila
L'Aquila
La Ciénaga
La Galite
La Mancha
La Rocca
La Scala
La Serenissima
La Spezia
Lacedonia
Lago Maggiore
Lago di Garda
Laguna
Lajatico
Lambrate
Lamezia Terme
Lampedusa
Lanerossi Vicenza
Langa
Langhe
Laos
Las Vegas
Latina
Lazio
Le Havre
Lecce
Lecco
Leuca
Libano
Libbiano
Libia
Librino
Lido
Lido di Venezia
Liguria
Lincoln Avenue
Lingotto
Linosa
Lione
Lisbona
Lissa
Livigno
Livorno
Llano Grande
Locarno
Locorotondo
Lodi
Lodz
Lombardia
Londra
Loreto
Los Angeles
Lubiana
Lucania
Lucca
Lugano
Lungotevere
Lunigiana
Luogosano
Lussemburgo
Macedonia
Macerata
Madonna di Campiglio
Madrid
Maghreb
Magistratura di Venezia
Magliana
Magna Grecia
Maiella
Majella
Malesia
Mali
Malopasso
Malta
Manaus
Manchester
Manfredonia
Manhattan
Manila
Mantova
Mar Nero
Mar Rosso
Marano
Marche
Marchigiano
Maremma
Marghera
Marocco
Marrakech
Marsala
Marsiglia
Martina Franca
Mashad
Massaquano
Matera
Mauritania
Medicina
Mediterranea
Mediterraneo
Megaride
Meina
Melara
Melbourne
Melfi
Melito
Memphis
Mentone
Mercantour
Mergellina
Messico
Messico Occidentale
Messina
Metropoliz - Roma
Mezzago
Miami
Middlesex
Milano
Milazzo
Minorca
Mirafiori
Modena
Modica
Mogadiscio
Moldavia
Mole Antonelliana
Molise
Monaco
Moncalieri
Mongolia
Mons
Mont Carmel
Montagna
Montalcino
Montale
Monte Carlo
Montebello
Montecalvo Irpino
Montecrastu
Montecristo
Monteforte
Montenegro
Monterone
Montevideo
Monti
Monti Carpazi
Monti Lessini
Monti Sibillini
Monti sibillini
Montmartre
Montorio di Terni
Monza
Mormanno
Morra De Sanctis
Mortara
Mosca
Museo Napoleonico dell'Avana
Museum of Modern Art
Nairobi
Namibia
Napoli
Napule
Nassiriya
Navigli
Navona
Nazareth
Nepal
Nevada
New Jersey
New York
New York City
New york
Niagara
Nomentano
Norbello
Nord Africa
Nord Italia
Norimberga
Norvegia
Notre Dame
Nouakchott
Nova Gorica
Nuoro
Occidente
Oceano Don
Olanda
Olbia
Oneglia
Orvieto
Osaka
Osservatorio Vesuviano
Ostia
Ostia Idroscalo
Ostuni
Osuna
Otranto
Padania
Paderborn
Padiglione 22
Padova
Paestum
Palagonia
Palais Wilson
Palatino
Palazzo Bonadies
Palazzo Chigi
Palazzo Fruscione
Palazzo di Venezia
Palermo
Palestina
Palestrina
Palmira
Pantelleria
Parigi
Parioli
Parma
Passo Borgo
Passo San Leonardo
Patagonia
Patagonia argentina
Patagonia cilena
Patrasso
Pavia
Pechino
Pembroke
Pentagono
Pergine
Perugia
Pescara
Peschici
Peterzano
Petra
Philadelphia
Piacenza
Piadena
Pianosa
Piave
Piemonte
Pietra di Bismantova
Pietracamela
Pietralata
Pietralcina
Pietramezzana
Pietrammare
Pigneto
Piramide
Pirellone
Pirenei
Pisa
Pistoia
Plaza de la Revolucìon
Plaza de la Revolucìon
Po
Podrute
Poggioreale
Pola
Policoro
Polignano
Polignano a Mare
Pollino
Polo Nord
Polonia
Poltu Quatu
Polverigi
Pomezia
Pompei
Ponente
Ponte Latino
Ponte Milvio
Ponte sulla Drina
Pontedera Teatro
Pontina
Ponza
Port Said
Porta Capuana
Porta Nuova
Porta Palazzo
Porto Badisco
Porto Buio
Portoferraio
Portofino
Portogallo
Portorico
Posillipo
Potenza
Praeneste
Praga
Pratello
Prato
Prealpi
Prenestina
Procida
Provenza
Puglia
Purulia
Quarticciolo
Questura di Milano
Quirinale
Racale
Radicofani
Rangoon
Ravenna
Re di Bologna
Rebibbia
Recanati
Recife
Reggia di Carditello
Reggia di Caserta
Reggio
Reggio Calabria
Reggio Emilia
Regno d'Italia
Repubblica Dominicana
Rho
Rialto
Riano
Riccione
Rieti
Riga
Rimini
Rio
Rio Grande
Rio de Janeiro
Rio della Grana
Rio delle Amazzoni
Rione Sanità
Robben Island
Rocca Canterano
Rocca di Radicofani
Roccamonfina
Roccapinola
Roma
Roma Imperiale
Roma Nord
Roma Sapienza
Roma Sud
Roma Termini
Roma di Piove
Romagna
Romania
Roncone
Rosarno
Rosignano Solvay
Rotterdam
Rovereto
Ruffano
Russia
Rwanda
SS16
Sabaudia
Sabina
Sacrario del Monte Grappa
Saint Lazare
Saint Moritz
Saint Vincent
Salento
Salerno
Salina
Salonicco
Salvia di Lucania
Salò
San Basilio
San Berillo
San Carlo
San Casciano in Val di Pesa
San Felice Circeo
San Felice del Circeo
San Floriano del Collio
San Francisco
San Gennaro
San Giorgio
San Giovanni
San Giovanni Rotondo
San Giovanni a Teduccio
San Lorenzo
San Lupo
San Miniato al Tedesco
San Nicola Arcella
San Pietro
San Pietro a Corte
San Pietroburgo
San Pietrogrado
San Salvario
San Vittore
Sannio
Santa Brigida
Santa Caterina di Prato
Santa Cristina
Santa Fede
Santa Maria della Pace
Santa Maria delle Azzorre
Santa Mira
Santa Sede
Santa Teresa d'Avila
Santiago
Santiago del Cile
Santo Domingo
Santo Stefano degli Ulivi
Santorini
Santuario della Fortuna Primigenia
Sao Paulo
Sarajevo
Sardegna
Sardella
Sarroch
Sassari
Scampia
Scicli
Sebina
Secondigliano
Segrate
Selva Amazzonica
Senagal
Senegal
Senna
Serbia
Serramezzana
Sesia
Sesto
Sestu
Sforza di Milano
Shanghai
Sharm el Sheikh
Siberia
Sibillini
Sicilia
Sicilia meridionale
Siena
Sila
Silicon Valley
Siria
Siviglia
Slavia-Veneta
Slovacchia
Slovenia
Somalia
Somma Vesuviana
Sorrento
Spaccanapoli
Spagna
Spalato
Sparta
Spezia
Spinaceto
Srebrenica
Sri Lanka
Stadio Olimpico
Stati Uniti
Stati Uniti d'America
Stazione Termini
Sternatia
Stoccolma
Strasburgo
Stromboli
Strongoli
Su Pallosu
Suburra
Sud Africa
Sud America
Sud Italia
Sud Tirolo
Sud del Paese
Sudafrica
Sudamerica
Sulmona
Sultanato delle Due Sicilie
Supersano
Sussò 
Suzhou
Svezia
Svizzera
Svizzera italiana
Syangboche
Sydney
Sèvres
Tagikistan
Tangeri
Tanzania
Taormina
Taranto
Taurasi
Tayibe
Tbilisi
Teatro Ateo
Teatro Eliseo
Teatro Valle
Teatro antico di Taormina
Teatro della Sapienza
Tebe
Teheran
Tel Aviv
Terezin
Termini Imerese
Terra Santa
Terra dei Fuochi
Terracina
Terrarossa
Terrasini
Tevere
Texas
Thailandia
Tibet
Tiburtina Valley
Ticino
Tierra del Fuego
Tirana
Tirolo
Tirrenica
Tirreno
Tivoli
Togo
Tokyo
Toledo
Tolmezzo
Tolosa
Tombolo
Torbellamonaca
Torino
Toronto
Torpignattara
Torre Annunziata
Torre Canne
Torre del Lago
Torre di Londra
Torrematta
Torvaianica
Toscana
Transilvania
Transkei
Transnistria
Trapani
Trastevere
Tre Cime
Trentino
Trento
Treviso
Trieste
Trinacria
Triveneto
Troia
Tropea
Tunisi
Tunisia
Turchia
Turingia
Turkmenistan
Tuscia
USA
Ucraina
Udine
Umbria
Una Catania
Ungheria
Unione Sovietica
Università di Teheran
Uruguay
Ustica
Vajont
Valacchia
Valdobbiadene
Valencia
Valguarnera
Valle Serena
Valle d'Aosta
Valle d'Itria
Valle de los Caidos
Valle del Chiese
Valli del Natisone
Vallombrosa
Valona
Valsamoggia
Valtellina
Vang Vieng
Vaticano
Veneto
Venezia
Venezuela
Ventotene
Vermiglio
Verona
Versailles
Versilia
Vesuvio
Viareggio
Vicenza
Vienna
Vietnam
Vietri sul Mare
Vigevano
Villa Bellini
Villa Bianca
Villa El Chocon
Villa Epecuén
Villa Gioconda
Villa LaganÃ 
Villa Maraini
Villa Matura
Villa Primic
Villa Recchi
Villa Torlonia
Viterbo
Vitulano
Voghera
Volterra
Volturno
Vomero
Vulture
Wall Street
West Bank
Wolfsburg
Wyoming
Yamagata
Yerevan
Yono-Cho
Yssingeaux
Yunnan
Zamora
Zen di Palermo
Zurigo